{
  "items": [
    {
      "groupid": "custom",
      "urlOrPath": "",
      "remark": "Самостоятельная настройка",
      "editAble": true,
      "groups": [
        {
          "groupid": "custom",
          "name": "additionalBlock",
          "type": "",
          "or": true,
          "rule_set": [
            "https://bodaiot.github.io/KaringRules/additionalBlock.json"
          ]
        },
        {
          "groupid": "custom",
          "name": "Spotify",
          "type": "",
          "or": true,
          "process_name_windows": [
            "Spotify.exe"
          ]
        },
        {
          "groupid": "custom",
          "name": "additionalDirectly",
          "type": "",
          "or": true,
          "rule_set": [
            "https://bodaiot.github.io/KaringRules/additionalDirectly.json"
          ]
        },
        {
          "groupid": "custom",
          "name": "additionalTunnel",
          "type": "",
          "or": true,
          "rule_set": [
            "https://bodaiot.github.io/KaringRules/additionalTunnel.json"
          ]
        },
        {
          "groupid": "custom",
          "name": "🌏 GFW",
          "type": "",
          "or": true,
          "rule_set_build_in": [
            "geoip:blocked@ru",
            "geoip:blocked-community@ru",
            "geosite:blocked@ru"
          ]
        }
      ]
    }
  ],
  "rule_set_items": [
    {
      "tag": "https://github.com/savely-krasovsky/antizapret-sing-box/releases/latest/download/antizapret.srs",
      "type": "remote",
      "format": "binary",
      "url": "https://github.com/savely-krasovsky/antizapret-sing-box/releases/latest/download/antizapret.srs",
      "update_interval": "24h"
    },
    {
      "tag": "https://bodaiot.github.io/KaringRules/additionalTunnel.json",
      "type": "remote",
      "format": "source",
      "url": "https://bodaiot.github.io/KaringRules/additionalTunnel.json",
      "update_interval": "24h"
    },
    {
      "tag": "https://bodaiot.github.io/KaringRules/additionalDirectly.json",
      "type": "remote",
      "format": "source",
      "url": "https://bodaiot.github.io/KaringRules/additionalDirectly.json",
      "update_interval": "24h"
    },
    {
      "tag": "https://bodaiot.github.io/KaringRules/additionalBlock.json",
      "type": "remote",
      "format": "source",
      "url": "https://bodaiot.github.io/KaringRules/additionalBlock.json",
      "update_interval": "24h"
    },
    {
      "tag": "https://raw.githubusercontent.com/BodaIOT/bodaiot.github.io/refs/heads/main/KaringRules/additionalBlock.json",
      "type": "remote",
      "format": "source",
      "url": "https://raw.githubusercontent.com/BodaIOT/bodaiot.github.io/refs/heads/main/KaringRules/additionalBlock.json",
      "update_interval": "24h"
    }
  ]
}