{
  "language_tag": "ru",
  "region_code": "RU",
  "novice": false,
  "ui": {
    "theme": "dark",
    "auto_orientation": false,
    "hide_dock_icon": false,
    "exclude_from_recent": false,
    "wake_lock": false,
    "hide_vpn": false,
    "disable_font_scaler": true,
    "hide_after_launch": true,
    "net_check_domain": "google.com",
    "diversion_rule_detect_domain": "https://community.anytype.io/t",
    "tv_mode": false
  },
  "dev": {
    "enable_debug_log": false,
    "pprof_port": 0,
    "allow_remote_access_pprof": false,
    "allow_remote_access_htmlboard": false
  },
  "ui_screen": {
    "widgets": [
      "run_time_info",
      "connections_info",
      "traffic_total_info",
      "traffic_proxy_info",
      "traffic_speed_info",
      "memory_info",
      "outbound_mode",
      "profile_sub_traffic_info",
      "system_proxy",
      "tun",
      "my_profiles",
      "add_profile",
      "dns",
      "diversion",
      "diversion_rules",
      "net_check",
      "speed_test",
      "my_link",
      "html_board",
      "net_share",
      "statistics",
      "backupandsync",
      "outlet_ip_by_current_selected_info"
    ],
    "widgets_alpha": 255,
    "hide_invalid_server_my_profiles": false,
    "hide_invalid_server_select_server": false,
    "hide_invalid_server_diversion_rules": false,
    "sort_server_my_profiles": false,
    "sort_server_select_server": false,
    "sort_server_diversion_rules": false,
    "select_server_hide_recommand": false,
    "select_server_hide_recent": false,
    "select_server_hide_fav": false,
    "hide_unused_diversion_group": false,
    "my_link": "https://2ip.ru/",
    "background_image_type": "remote",
    "background_image": "https://bodaiot.github.io/KaringRules/back.jpg",
    "background_image_local": ""
  },
  "ntp": {
    "enable": false,
    "server": "time.windows.com"
  },
  "proxy": {
    "enable_cluster": false,
    "host": "0.0.0.0",
    "cluster_host": "127.0.0.1",
    "mixed_port": 3067,
    "mixed_direct_port": 3065,
    "mixed_forword_port": 3066,
    "mixed_net_share_port": 4067,
    "mixed_forword_net_share_port": 4066,
    "control_port": 3057,
    "cluster_port": 3050,
    "auto_set_system_proxy": false,
    "system_proxy_bypass_domain": [],
    "disconnect_when_quit": false
  },
  "tun": {
    "enable": true,
    "stack": "gvisor",
    "udp_timeout": 60,
    "i4_address": "10.20.0.1",
    "mtu": 1472,
    "auto_route": true,
    "auto_redirect": false,
    "strict_route": false,
    "allow_bypass": false,
    "append_http_proxy": true,
    "allow_bypass_httpproxy_domains": [],
    "hijack_dns": true,
    "loopback_address": ""
  },
  "dns": {
    "ttl": 43200,
    "enable_rule": true,
    "test_domain": "gstatic.com",
    "enable_client_subnet": false,
    "enable_inbound_domain_resolve": true,
    "enable_static_ip": false,
    "proxy_resolve_mode": "fakeip",
    "resolver_addresses": [
      "local",
      "dhcp://auto",
      "https://1.1.1.1/dns-query"
    ],
    "outbound_addresses": [
      "local",
      "dhcp://auto",
      "udp://8.8.8.8"
    ],
    "direct_addresses": [
      "local",
      "dhcp://auto",
      "udp://8.8.8.8"
    ],
    "proxy_addresses": [
      "udp://45.8.248.123"
    ],
    "client_subnet": "5.18.181.111",
    "client_subnet_latest_update": "2025-12-25 15:35:29.818698",
    "static_ips": {},
    "list": [
      {
        "isp": "SigmaGate DNS",
        "url": "udp://45.8.248.123"
      }
    ]
  },
  "tls": {
    "enable_insecure": false,
    "enable_fragment": false,
    "fragment_size": "100-200",
    "fragment_sleep": "10-20",
    "enable_mixed_case_sni": false,
    "enable_padding": false,
    "padding_size": "1-1500"
  },
  "mux": {
    "enable": false,
    "padding": false,
    "protocol": "h2mux",
    "max_streams": 8,
    "outbound_types": []
  },
  "rule_sets": {
    "enable_geosite": true,
    "enable_geoip": true,
    "enable_acl": true,
    "auto_append_region_geosite": true,
    "auto_append_region_geoip": true,
    "use_remote_geosite": false,
    "use_remote_geoip": false,
    "use_remote_acl": false,
    "update_interval": 21600,
    "disable_custom_diversion_group": false,
    "disable_isp_diversion_group": false
  },
  "perapp": {
    "enable": true,
    "is_include": true,
    "list_android": [],
    "list_macos": [],
    "hide_system_app": true,
    "hide_app_icon": false
  },
  "auto_select": {
    "interval": 28800,
    "tolerance": 0,
    "prioritize_my_fav": false,
    "filter": false,
    "limited_num": 2000,
    "selected_health_check_interval": null,
    "retest_if_network_udpate": false,
    "update_current_server_after_manual_urltest": true,
    "ignore_perproxy_server": false
  },
  "warp": {
    "license": ""
  },
  "webdav": {
    "url": "",
    "user": "",
    "password": ""
  },
  "auto_backup": {
    "add_profile": false,
    "remove_profile": false
  },
  "ads": {
    "banner_enable": false,
    "banner_reward_ad_expire": "",
    "banner_share_expire": ""
  },
  "statistics": {
    "enable": false,
    "data_desensitize": true,
    "cache_days": 7
  },
  "auto_connect_after_launch": true,
  "auto_connect_at_boot": true,
  "ip_strategy": "ipv4_only",
  "proxy_all": false,
  "front_proxy": [],
  "private_direct": true,
  "quit_when_switch_systemUser": false,
  "alway_on": false,
  "disconnect_after_sleep_seconds": null,
  "disable_ua_report": false,
  "user_agents": [],
  "speed_test_list": [],
  "speed_test": "https://speedtest.net/",
  "url_test_list": [],
  "url_test_timeout": 8,
  "url_test": "https://www.gstatic.com/generate_204",
  "latency_check_resolve_ip": false,
  "auto_update_channel": "stable",
  "auto_download_udpate_pkg": true,
  "origin_sb_profile": "",
  "html_board_port": 3072
}