{
  "items": [
    {
      "groupid": "custom",
      "urlOrPath": "",
      "remark": "Самостоятельная настройка",
      "editAble": true,
      "groups": [
        {
          "groupid": "custom",
          "name": "blockedSites",
          "type": "",
          "or": true,
          "rule_set": [
            "https://github.com/savely-krasovsky/antizapret-sing-box/releases/latest/download/antizapret.srs"
          ]
        },
        {
          "groupid": "custom",
          "name": "additionalTunnel",
          "type": "",
          "or": true,
          "rule_set": [
            "https://bodaiot.github.io/KaringRules/additionalTunnel.json"
          ]
        },
        {
          "groupid": "custom",
          "name": "additionalDirectly",
          "type": "",
          "or": true,
          "rule_set": [
            "https://bodaiot.github.io/KaringRules/additionalDirectly.json"
          ]
        }
      ]
    }
  ],
  "rule_set_items": [
    {
      "tag": "https://github.com/savely-krasovsky/antizapret-sing-box/releases/latest/download/antizapret.srs",
      "type": "remote",
      "format": "binary",
      "url": "https://github.com/savely-krasovsky/antizapret-sing-box/releases/latest/download/antizapret.srs"
    },
    {
      "tag": "https://github.com/savely-krasovsky/antizapret-sing-box/releases/latest/download/antizapret.srs",
      "type": "remote",
      "format": "binary",
      "url": "https://github.com/savely-krasovsky/antizapret-sing-box/releases/latest/download/antizapret.srs"
    },
    {
      "tag": "https://github.com/savely-krasovsky/antizapret-sing-box/releases/latest/download/antizapret.srs",
      "type": "remote",
      "format": "binary",
      "url": "https://github.com/savely-krasovsky/antizapret-sing-box/releases/latest/download/antizapret.srs"
    },
    {
      "tag": "https://github.com/savely-krasovsky/antizapret-sing-box/releases/latest/download/antizapret.srs",
      "type": "remote",
      "format": "binary",
      "url": "https://github.com/savely-krasovsky/antizapret-sing-box/releases/latest/download/antizapret.srs"
    },
    {
      "tag": "https://github.com/savely-krasovsky/antizapret-sing-box/releases/latest/download/antizapret.srs",
      "type": "remote",
      "format": "binary",
      "url": "https://github.com/savely-krasovsky/antizapret-sing-box/releases/latest/download/antizapret.srs"
    },
    {
      "tag": "https://github.com/savely-krasovsky/antizapret-sing-box/releases/latest/download/antizapret.srs",
      "type": "remote",
      "format": "binary",
      "url": "https://github.com/savely-krasovsky/antizapret-sing-box/releases/latest/download/antizapret.srs"
    },
    {
      "tag": "https://bodaiot.github.io/KaringRules/additionalTunnel.json",
      "type": "remote",
      "format": "source",
      "url": "https://bodaiot.github.io/KaringRules/additionalTunnel.json"
    },
    {
      "tag": "https://bodaiot.github.io/KaringRules/additionalDirectly.json",
      "type": "remote",
      "format": "source",
      "url": "https://bodaiot.github.io/KaringRules/additionalDirectly.json"
    }
  ]
}